question,answer,predicted_answer,sas_evaluator,precision,recall,f1
"What types of road improvements are planned for Greenmount Road in Belleville, Illinois?","['Additional lanes', 'Standard overlay/ADA improvements', 'Bridge replacement', 'Land acquisition', 'Utility adjustment']","Additional lanes, standard overlay, bridge replacement.",0.7112480401992798,tensor(0.9315),tensor(0.8539),tensor(0.8910)
How did the average miles per shipment for single modes change from 1997 to 2007?,"['For truck, it increased from 144 to 206 miles, for rail it increased from 485 to 599 miles.']",Increased.,0.40003854036331177,tensor(0.9255),tensor(0.7855),tensor(0.8498)
What is the total greenhouse gas reduction in metric tons projected for 2050 across all measures listed?,"['80,829']","Approximately 1,200 metric tons.",0.20685015618801117,tensor(0.8135),tensor(0.7952),tensor(0.8043)
What is the importance of accurate estimation of available PV power according to the text?,"['All around the world, system operators and utilities are continually adapting their grid codes, interconnection requirements, operational practices, and market mechanisms to make the integration of shares of fast-growing variable renewable generation both reliable and economic']","Improves system reliability, optimizes energy management, enhances integration with the grid.",0.6427019834518433,tensor(0.8781),tensor(0.8456),tensor(0.8615)
What are some potential vulnerabilities of underground nuclear power plants?,"['vulnerability to extreme seismic events', 'possibility of releases from a reactor meltdown']","Flooding, seismic activity, cooling system failures.",0.6128311157226562,tensor(0.8658),tensor(0.8547),tensor(0.8602)
What are the two different closed-system mechanically reversible processes described in the example?,"['(a) Cooling at constant pressure followed by heating at constant volume.', '(b) Heating at constant volume followed by cooling at constant pressure.']",Isothermal and adiabatic processes.,0.40178829431533813,tensor(0.8085),tensor(0.7756),tensor(0.7917)
What information is being requested for the controlled correspondence office?,"['copy of our Functional Directory in hard copy', 'assignments of controlled correspondence', 'Information on grants, inventions, solicitations, actions, fuel cells, combustion, turbines, biomass, National Energy Policy']",Pending correspondence.,0.21857327222824097,tensor(0.8635),tensor(0.8043),tensor(0.8328)
Which county is the reconstruction project on Pierce Lane located in?,['MADISON'],Jefferson County.,0.2569982707500458,tensor(0.8659),tensor(0.7910),tensor(0.8267)
How is the Authority addressing concerns related to the San Francisco to San Jose environmental document?,"['worked consistently with the City of Brisbane', 'from the inception to its completion to address concerns', 'considers the City of Brisbane to be a critical partner']","Public meetings, stakeholder engagement, document revisions.",0.28146517276763916,tensor(0.8625),tensor(0.8319),tensor(0.8469)
What is different about PG&E's pipeline constraints and operating conditions compared to Southern California Gas Company?,"[""PG&E's physical pipeline constraints and operating conditions are different than SCG""]","Different regulatory environments, diverse geographic challenges, varying operational practices.",0.28421950340270996,tensor(0.8787),tensor(0.8442),tensor(0.8611)
What is the expected revenue for the power production company in the given quarter?,"['$518,880']","Projected revenue, $2 million, increased demand.",0.35814720392227173,tensor(0.8381),tensor(0.8193),tensor(0.8286)
At what temperature and pressure conditions is the reaction vessel maintained?,['200°C and 34.5 bar'],Temperature and pressure conditions are not specified.,0.4707719385623932,tensor(0.8374),tensor(0.8051),tensor(0.8209)
What caused the price of wholesale electricity to significantly increase in 2017 and 2018 at SoCal Citygate?,['the higher than average gas prices'],"Supply constraints, high demand, natural gas prices.",0.7246381044387817,tensor(0.8689),tensor(0.8255),tensor(0.8467)
What is the purpose of a configuration footprint in the Staged Project Delivery Process?,"['Map the initial right of way necessary to construct a project', 'Identify utility relocation requirements', 'Develop third-party agreements', 'Initiate requests for environmental permits']","Project scope definition, stakeholder alignment, and feasibility assessment.",0.4518435001373291,tensor(0.8727),tensor(0.8205),tensor(0.8458)
Who is the Governmental Affairs Agent listed on Schedule F - Travel/Lodging?,['David B. Applebaum'],Governmental Affairs Agent not specified.,0.2133662849664688,tensor(0.8108),tensor(0.8223),tensor(0.8165)
What types of highway improvements are listed for US 150 in Champaign County?,"['DESIGNED OVERLAY', 'ADA IMPROVEMENTS', 'BRIDGE DECK OVERLAY', 'BRIDGE REPAIR', 'STANDARD OVERLAY', 'WIDENING EXISTING PAVEMENT', 'INTERSECTION IMPROVEMENT', 'TRAF SIGNAL MODERNIZATION', 'UTILITY ADJUSTMENT']","Additional lanes, resurfacing, bridge repair.",0.5701483488082886,tensor(0.8493),tensor(0.7728),tensor(0.8092)
Which car model from Aston Martin is categorized as a Subcompact Car?,['Rapide'],Aston Martin Cygnet.,0.24208994209766388,tensor(0.8306),tensor(0.8102),tensor(0.8203)
What are the nodes and links in a power grid graph representation?,"['Nodes: Buses', 'Links: Transmission Lines']","Nodes, edges.",0.5035403966903687,tensor(0.8921),tensor(0.8227),tensor(0.8560)
"How is the heat transferred in a mechanically reversible, constant-pressure process related to the constant-pressure heat capacity?",['Q = ΔH = ∫(T2/T1) Cp dT (const P)'],Heat is transferred as \( Q = C_p \Delta T \).,0.5850077867507935,tensor(0.8425),tensor(0.8440),tensor(0.8433)
What are some factors affecting public opinion on nuclear energy in the United States?,"['Fukushima raised concerns', 'environmental consequences', 'strength of U.S. government support', 'enthusiasm of the Obama Administration']","Safety concerns, environmental impact, economic factors, energy independence, and technological advancements.",0.5988835692405701,tensor(0.8751),tensor(0.8382),tensor(0.8562)
Why are the strategies found within this plan meant to address transportation equity?,"['to address transportation equity by making EV charging infrastructure more readily available in diverse locations, affordable, and by educating community members on EV and EVSE technologies, both in English and Spanish']","Address disparities, improve access, promote inclusivity.",0.36625736951828003,tensor(0.8720),tensor(0.8189),tensor(0.8447)
What could cause the 'Transformer Temp unreadable' fault?,['Temperature sensor is damaged'],"Faulty temperature sensor, wiring issue, internal transformer failure.",0.6089420318603516,tensor(0.8830),tensor(0.8772),tensor(0.8801)
What types of highway improvements are listed for District 9 in Illinois?,"['CULVERT REPLACEMENT', 'MISCELLANEOUS IMPROVEMENTS', 'STANDARD OVERLAY', 'NEW SHOULDERS', 'REHABILITATION - PAVEMENTS', 'LAND ACQUISITION']","Road reconstruction, bridge repairs, safety upgrades.",0.6954559087753296,tensor(0.8571),tensor(0.7668),tensor(0.8094)
How can energy storage play a role in enabling cost-effective integration of PV generation?,"['enhance system flexibility and reliability', 'reduce needs for spinning reserves by conventional power plants', 'balance generation and load to manage variability of increased renewable generation']","Energy storage systems, demand response, load shifting.",0.44108688831329346,tensor(0.8697),tensor(0.8260),tensor(0.8473)
What is the procedure to populate the master data to the operational store?,"['Log into the Jupyter node', 'Move the data in the tmp store to the ana store with the command: /home/<utility_id>/etl/py_MoveTmpDataToAnaStore.sh', 'To populate the master data to the operational store run the command: /home<utility_id>/etl/py_PopulateOperationalStore.sh']","Data extraction, transformation, and loading (ETL) process.",0.21730870008468628,tensor(0.8217),tensor(0.7724),tensor(0.7963)
What percentage of EIB Group's 2022 gross mobility emissions came from business travel flights?,['75.8%'],Business travel flights accounted for 30% of EIB Group's 2022 gross mobility emissions.,0.20484057068824768,tensor(0.8239),tensor(0.8398),tensor(0.8318)
What is one of the reasons mentioned for the United States to be concerned about the security of its energy supply according to the passage?,"['growth in demand, as a result of an increasing U.S. population, along with increased electrification of our society']",The reliance on foreign sources.,0.2449282705783844,tensor(0.8309),tensor(0.8356),tensor(0.8332)
What criteria does NERC's standard BAL-003-1 establish?,"[""NERC's standard BAL-003-1, Frequency Response and Frequency Bias Setting, establishes target contingency protection criteria for each North American interconnection and individual balancing authorities within interconnections""]","Contingency reserves, response time, reserve sharing, frequency response.",0.5128330588340759,tensor(0.8623),tensor(0.8129),tensor(0.8369)
What criteria should a heat exchanger satisfy for thermal energy storage in solar and low energy buildings?,"['Rating (max power in and out)', 'Hydraulic head losses (should be in accordance with the pump capabilities)', 'Cost (it is always an optimisation parameter)']","High thermal efficiency, compact design, low cost, durability.",0.3121379017829895,tensor(0.8567),tensor(0.8166),tensor(0.8362)
What are the major greenhouse gases mentioned in the table?,"['CO2', 'CH4', 'N2O', 'HFCs', 'PFCs', 'SF6', 'NF3']","Carbon dioxide, methane, nitrous oxide, fluorinated gases.",0.7111867666244507,tensor(0.8277),tensor(0.7896),tensor(0.8082)
What are the different ways AC Support behaves depending on the equipment installed with the Conext SW?,"['SOC - Xanbus-enabled Conext Battery Monitor is installed', 'Enhanced - Xanbus-enabled MPPT solar charge controller is installed', 'Regular - neither Xanbus-enabled battery monitor nor MPPT solar charge controller is installed']","Different tolerances for input voltage, varying support for generator output, adjustable transfer settings.",0.16958676278591156,tensor(0.8268),tensor(0.7994),tensor(0.8128)
What percentage of workers had a commute time of 15-29 minutes in 1990?,['51.6%'],19.9%,0.6968550682067871,tensor(0.9419),tensor(0.8888),tensor(0.9146)
What are some examples of microgrid controller research and development?,"['CERTS microgrid controller using plug-and-play and peer-to-peer concepts', 'CSEISMIC microgrid controller with advanced functions and electric power system interaction', 'VOLTTRON open-source software platform for load and energy resource coordination within buildings']","Autonomous control algorithms, demand response integration, energy management optimization.",0.3858419358730316,tensor(0.8677),tensor(0.8251),tensor(0.8459)
Which country is Leszek Twardy's organization located in?,['Poland'],Poland.,0.8401587009429932,tensor(0.9412),tensor(0.8106),tensor(0.8710)
What are some characteristics of investors suitable for the Aggressive Growth asset mix?,"['Seek aggressive growth', 'Can tolerate wide fluctuations in market values, especially over the short term']","High risk tolerance, long-term investment horizon, willingness to accept volatility.",0.6352712512016296,tensor(0.8913),tensor(0.8621),tensor(0.8764)
What was the average annual percent change in ton-miles for all modes of transportation between 1997 and 2007?,['2.3%'],Average annual percent change: 2.3%.,0.4254119098186493,tensor(0.8727),tensor(0.8895),tensor(0.8810)
What factors contribute to the projected annual change in U.S. natural gas plant liquids production?,"['The components shown are net change, natural gas plant liquids gross refinery output, and net butane/isobutane/isobutylene']","Supply and demand dynamics, global market conditions, chemical feedstock prices.",0.3765459954738617,tensor(0.8315),tensor(0.7968),tensor(0.8137)
What is the cooling system used in the roof of the building?,"[""Eight evaporative coolers in the roof -4' cube (18,000-20,000 CFM)""]",Chilled beam system.,0.44543325901031494,tensor(0.8587),tensor(0.7958),tensor(0.8260)
What are the key features of the PV-BESS plant described in the text?,"['combines AC-coupled PV array and BESS', 'allows testing multihour PV energy shifting and scheduling', 'provides dispatchable operation without PV curtailment', 'can be coupled with economic dispatch and optimization controller', 'allows testing with various market rules and metrics']","Battery storage, solar panels, inverter systems.",0.5186775922775269,tensor(0.8612),tensor(0.8034),tensor(0.8313)
What is the significance of the μ = 0 region in the inversion curves?,"['When (∂Z/∂T)p is zero, as for the ideal-gas state, then μ = 0', 'In the μ = 0 region, no temperature change accompanies throttling']",The μ = 0 region indicates a transition from a stable to unstable inversion state.,0.2873964309692383,tensor(0.8638),tensor(0.8298),tensor(0.8465)
What was the average commute time for workers in 2011?,['25.3 minutes'],Average commute time was 25.5 minutes.,0.4385021924972534,tensor(0.8904),tensor(0.8779),tensor(0.8841)
What is the address of Ramba Consulting Group?,['120 S Monroe St Tallahassee FL 32301'],"5800 W 24th St, Cicero, IL 60804.",0.34987232089042664,tensor(0.8543),tensor(0.8342),tensor(0.8441)
What is the estimated total savings for a PV system in Durham under the net metering (flat rate) billing option over the system's useful life of 25 years?,"['$10,614']","$80,059.",0.5067023038864136,tensor(0.9267),tensor(0.8677),tensor(0.8962)
"What is the fee range for Everglades Foundation, The?","['$30,000.00 - $39,999.00']",Fee range not specified.,0.4854830503463745,tensor(0.8443),tensor(0.7788),tensor(0.8103)
"What is the estimated cost for the intersection reconstruction project at Main St in Spaulding, Sangamon County?","['$3,300,000']","$500,000.",0.6525773406028748,tensor(0.9338),tensor(0.8761),tensor(0.9040)
What measures have been taken to improve security at nuclear power plants since 9/11?,"['The Design Basis Threat has been increased', 'force on force exercises by the NRC are now being done every three years instead of every eight years']","Increased personnel screening, enhanced access controls, upgraded surveillance systems, and improved emergency response plans.",0.42156291007995605,tensor(0.8598),tensor(0.8176),tensor(0.8382)
What type of nuclear reactor was involved in the Chernobyl accident?,"['RBMK-1000', 'water-cooled', 'graphite-moderated reactor']",RBMK reactor.,0.6957995891571045,tensor(0.9231),tensor(0.8188),tensor(0.8678)
What is the formula given for the Green's function describing the evolution of an instantaneous point injection of tracer?,"['G(x, t) = 1/√(4πDmt) exp(−((x − vt)^2)/(4Dmt))']","The Green's function is given by the formula: G(x,t) = (1/(4πDt)) * exp(-x²/(4Dt)).",0.7314614653587341,tensor(0.8928),tensor(0.8911),tensor(0.8920)
In which county are the Greenmount Road projects located?,['St. Clair'],St. Clair County.,0.662771999835968,tensor(0.9245),tensor(0.8768),tensor(0.9000)
What types of communication expenses are listed on Schedule E?,"['Printed Materials', 'Postage', 'Film, Slides, Video, Audio', 'TV - Network', 'TV - Cable', 'Radio', 'Other Broadcast Medium', 'Internet', 'Telephone, Facsimile', 'Pro Rata Overhead Costs of Specific Events Over $100', 'Other']","Telephone, internet, cable television.",0.5660088658332825,tensor(0.8830),tensor(0.7854),tensor(0.8314)
What is the average OPEC spare production capacity for the years 2014-2023?,['2.8 million barrels per day'],Average 2.5 million barrels per day.,0.8394287824630737,tensor(0.9678),tensor(0.9394),tensor(0.9534)
What is the estimated cost for the bridge joint replacement and culvert repair project on Route 55 BUS at Ditch 1.2 Mi S & Fancy Creek in Sherman?,"['$250,000']","$319,000.",0.5853816270828247,tensor(0.9356),tensor(0.8745),tensor(0.9040)
What is the recommended approach for implementing shared streets with cars?,"['shared streets with cars should be a last stage development', 'after physical protection for bikes', 'after reaching critical volume of cyclists and pedestrians']","Implementation of traffic calming measures, designated shared zones, clear signage.",0.508560836315155,tensor(0.8669),tensor(0.8316),tensor(0.8489)
What initiatives are being undertaken to address urban freight movement challenges in Orlando?,"['State, county, and local governments are working together to develop a regional approach to transportation issues', 'Several large road projects are underway, such as SR 408 improvements and I-4 expansion', 'The development of SunRail, a commuter rail transit system linking many Central Florida communities']","Freight corridor planning, freight data analysis, stakeholder engagement.",0.44724154472351074,tensor(0.8526),tensor(0.8231),tensor(0.8376)
How does the United Kingdom's electricity grid differ from the United States according to the passage?,"['The United Kingdom has only one grid, and one owner', 'The United States has eight or ten grids, eight or ten large regional machines that have scores or hundreds of owners']","Different voltage levels, centralized generation, greater reliance on renewables.",0.4025889039039612,tensor(0.8536),tensor(0.8159),tensor(0.8343)
Why does the ground appear warmer than the panels in the thermal image?,"['image shows blackbody radiation temperature, not absolute thermodynamic temperature', 'it is conceivable that the ground is radiating more than the panels']","Answer: Heat absorption, lack of insulation, thermal mass effect.",0.5546263456344604,tensor(0.8685),tensor(0.8358),tensor(0.8518)
What is the altitude operating limit for these models?,"['6,562 ft. (2,000 m)']","Operating limit is 15,000 feet.",0.41670170426368713,tensor(0.8603),tensor(0.8113),tensor(0.8351)
What is the address of Florida State University Foundation?,"['2010 Levy Ave Building B, Suite 300 Tallahassee FL 32310']","Florida State University Foundation, 2010 Levy Avenue, Tallahassee, FL 32310.",0.6755177974700928,tensor(0.9099),tensor(0.8913),tensor(0.9005)
What is mentioned about the need for a carbon pricing framework?,"['create incentives for utilities to build more nuclear power projects', ""a carbon 'tax' would need to be higher than $30/ton of carbon dioxide""]",The need for a carbon pricing framework is to reduce emissions and incentivize cleaner energy.,0.5630579590797424,tensor(0.8886),tensor(0.8500),tensor(0.8689)
What steps can be taken if a biomass project appears viable after evaluation?,"['Assess whether the project will help achieve energy-related goals', 'Enter information already collected into Community Goals Summary Worksheets to identify which goals the project is likely to achieve', 'Learn more about how to move the project forward by going to the Next Steps section']","Develop a business plan, secure funding, obtain permits.",0.41988688707351685,tensor(0.8629),tensor(0.8229),tensor(0.8424)
What happens to the voltage of a battery undergoing constant current discharge over time?,"['The voltage experiences an initial drop', 'the voltage gradually decreases', 'the voltage declines rapidly toward the end of discharge']",Voltage decreases over time.,0.614341676235199,tensor(0.9029),tensor(0.8351),tensor(0.8677)
What parking strategies are suggested for new residential development?,['Adopt development code standards that do not require a minimum number of general-purpose parking spaces and set a low maximum number of general-purpose passenger vehicle parking spaces for new multifamily development'],"On-site parking minimums, shared parking arrangements, bicycle parking facilities.",0.5925600528717041,tensor(0.8694),tensor(0.8393),tensor(0.8541)
What is the projected peak electricity demand in California for the year 2030?,['~60 GW'],"Projected peak electricity demand is 68,000 megawatts.",0.24010750651359558,tensor(0.8057),tensor(0.7850),tensor(0.7952)
Why is the $5/Dth noncompliance charge for operational flow orders not considered productive or beneficial?,"['The gas system must be operated within safe maximum and minimum pressures', 'PG&E Gas Operations has zero control over the supplies nominated into the system', 'therefore, there must be sufficient economic signals for supplies to balance demands']","Detracts from operational efficiency, incurs unnecessary costs, discourages compliance.",0.36799356341362,tensor(0.8332),tensor(0.8130),tensor(0.8230)
What types of accounts or products allow investors to defer paying taxes?,"['401(k) and 403(b) plans', 'IRAs', 'health savings accounts (HSAs)', 'other tax-deferred products such as deferred annuities']","Retirement accounts, 1031 exchanges, health savings accounts.",0.6076635122299194,tensor(0.8813),tensor(0.8156),tensor(0.8472)
What are some companies and their locations listed on the page?,"['United States Sugar Corporation, 111 Ponce De Leon Ave, Clewiston FL 33440', 'Walmart, 702 SW 8th St, Bentonville AR 72716', 'Wal-Mart Stores, Inc, 702 SW 8th St. MW 215, Bentonville AR 72716-6209', 'Water & Soil Solutions, LLC, 16112 E Duran Rd, Loxahatchee FL 33470-7890', 'Watershed Technologies, LLC, 3208 Westchester Dr, Cocoa FL 32926']","Acme Corp, New York; Beta Ltd, Chicago; Gamma Inc, San Francisco.",0.31378549337387085,tensor(0.8380),tensor(0.7493),tensor(0.7912)
What is the projected regional energy mix for electricity demand scenarios in 2010?,"['hydro', 'nuclear', 'coal', 'gas']","Coal, natural gas, nuclear, hydropower, renewable sources.",0.8306581974029541,tensor(0.8478),tensor(0.8209),tensor(0.8341)
What were some of the unique design features of the Chernobyl reactor that contributed to the accident?,"['graphite moderator', 'water coolant', 'susceptible to runaway chain reaction']","Graphite moderator, positive void coefficient, flawed safety tests.",0.49879154562950134,tensor(0.8611),tensor(0.8256),tensor(0.8430)
What method was used to estimate the accuracy of the baseline method?,['ISO-NE baseline'],"Statistical analysis, cross-validation, comparison with benchmarks.",0.25604596734046936,tensor(0.8105),tensor(0.7646),tensor(0.7869)
What is the mission of the Bioenergy Technologies Office (BETO)?,"['To develop industrially relevant, transformative, and revolutionary bioenergy technologies to enable sustainable, domestically produced biofuels, bioproducts, and biopower for a prosperous nation']",Develop and promote sustainable bioenergy technologies.,0.7740474939346313,tensor(0.9116),tensor(0.8333),tensor(0.8707)
What are the specific topics mentioned related to the national energy policy options?,"['volume purchasing', 'weatherization']","Renewable energy, energy efficiency, fossil fuel management, nuclear energy, transportation fuels.",0.2321321666240692,tensor(0.8020),tensor(0.8075),tensor(0.8047)
What is the purpose of decreasing the ash content in sludge from 26% to 15% for the future renovations?,['enable a reduced sludge ash content over time'],"Improved dewatering efficiency, reduced disposal costs.",0.3899935781955719,tensor(0.8774),tensor(0.8507),tensor(0.8639)
What are the strategies and recommendations for early notification and coordination in Texas?,"['Implement and maintain the geodatabase of energy developments in Texas', 'Implement interagency cooperation agreements with other agencies', 'Improve communication and coordination with energy developers', 'Implement additional proactive mechanisms to learn about energy developments', 'Work with TxDPS to improve traffic safety and protect the transportation infrastructure']","Early warning systems, stakeholder engagement, communication protocols.",0.363536536693573,tensor(0.8686),tensor(0.8103),tensor(0.8385)
What are the potential impacts of high geothermal fluid production rates compared to recharge rates?,"['formation may experience consolidation', 'lowering of the surface elevation', 'surface subsidence']","Depletion of geothermal resources, land subsidence, reduced reservoir pressure.",0.39942312240600586,tensor(0.8629),tensor(0.8558),tensor(0.8593)
What are some challenges faced in the integration of solar photovoltaic (PV) power plants into the electric power grid?,"['variability across timescales', 'forecast uncertainty of solar energy resource', 'impacts on distribution and transmission systems', 'limiting PV installations or assigning PV integration costs', 'curtailment due to overgeneration and other constraints']","Intermittency, grid stability, energy storage, regulatory issues.",0.4837348461151123,tensor(0.8740),tensor(0.8101),tensor(0.8408)
Which hour of the day had the highest overall electricity generation in 2019?,['Hour 20'],Answer: 15:00 (3 PM).,0.3963218331336975,tensor(0.8065),tensor(0.8057),tensor(0.8061)
How is China's energy intensity expected to change between 2012 and 2040 for the chemical industry?,"['not expected to be significant', 'overall intensity improvement at only 15%']",Decreasing energy intensity.,0.46458569169044495,tensor(0.8821),tensor(0.8143),tensor(0.8469)
What is the forecasted annual change for U.S. hydrocarbon gas liquids product supplied (consumption) in 2025?,['0.06'],Increase of 0.3 million barrels per day.,0.2548403739929199,tensor(0.8244),tensor(0.8291),tensor(0.8267)
What fuel type had the highest average hourly generation in 2019 according to the chart?,['Natural Gas'],Natural gas.,0.8792240023612976,tensor(0.9456),tensor(0.8566),tensor(0.8989)
What is the governing equation for the motion of tracers?,['∂n/∂t = D∇^2n + ∇ · (ũn) = 0'],The governing equation for the motion of tracers is the advection-diffusion equation.,0.3329373300075531,tensor(0.8302),tensor(0.7613),tensor(0.7943)
How can the 'Dead Battery Detected' error be resolved?,"['Both Line 1 and Line 2 must qualify to charge the battery', 'Recharge the battery with an external charging device', 'If the error persists, then the battery may be defective', 'Replace the battery']","Replace the battery, reset the device, update software.",0.5765033960342407,tensor(0.8742),tensor(0.8306),tensor(0.8519)
What was the cause of the Chernobyl nuclear accident?,['unauthorized experimentation with the reactor'],"Design flaws, operator error, safety protocol violations.",0.4174013137817383,tensor(0.8675),tensor(0.8193),tensor(0.8427)
What is the trend in natural gas usage for electricity generation according to the scenarios?,"['natural gas will enjoy the major share in all electricity consumption options', 'capturing the growth in fuel mix requirements']","Increased usage, consistent growth, fluctuating demand.",0.36087965965270996,tensor(0.8721),tensor(0.8296),tensor(0.8503)
What are some challenges mentioned regarding the large-scale implementation of electric vehicles?,"['issues relating to charging infrastructure', 'potential logistical, economic and physical impacts of massive multiple vehicle charging on utility supply']","Infrastructure availability, battery production, grid capacity.",0.5003631114959717,tensor(0.8705),tensor(0.8252),tensor(0.8472)
What is the purpose of the integrated risk management framework mentioned in the passage?,"['Risk management involves the systematic identification, risk significance evaluation, and control of potential losses that may arise from uncertain problem events, such as fires, explosions, mechanical/electrical failures or natural disasters', 'The practice of risk management permits contractors, employees and managers to anticipate such losses and to evaluate their potential impacts, so they can be managed in an effective manner']","Identification, assessment, and mitigation of risks.",0.5641714930534363,tensor(0.8956),tensor(0.8092),tensor(0.8502)
Which region has the highest load growth rate from 2020 to 2026?,"['Southwest', '1.5% per year']",Southeast region.,0.328451931476593,tensor(0.8907),tensor(0.8177),tensor(0.8526)
"What is the lobbyist income reported for Amelia B McKie during the period from January 1 to May 31, 2018?","['$2,500.00']","$69,736.00",0.44759172201156616,tensor(0.8959),tensor(0.8806),tensor(0.8882)
What are some key goals and requirements related to renewable energy integration in California?,"['California state legislature passed Senate Bill 350 requiring utilities to produce 50% of electricity sales from renewable sources by 2030', ""Senate Bill 100 increased the RPS to 60% by 2030 and required all the state's electricity to come from carbon-free resources by 2045"", 'California operators will need to find additional ways to balance generation and load to manage the variability of increased renewable generation']","Increased efficiency, grid reliability, reduced greenhouse gas emissions.",0.4395723342895508,tensor(0.8497),tensor(0.8040),tensor(0.8262)
What are the different regional and subregional plans mentioned for the San Diego region?,"['San Diego County Multi-jurisdictional Hazard Mitigation Plan (MHMP) and Local Hazard Mitigation Plans', 'San Diego Forward: The Regional Plan (RTP/SCS)', 'Regional and Subregional Water Quality Plans: Water Quality Control Plan for the San Diego Basin (Basin Plan), Watershed Management Area Water Quality Improvement Plans (WQIPs)', 'Urban Water Management Plan (UWMP)', 'Regional and Subregional Habitat Conservation Programs: San Diego Multiple Species Conservation Program (MSCP), MSCP Subregional Planning Area Programs', 'San Diego County Climate Change and Public Health Plan', 'San Diego Port Master Plan']","Multiple species conservation program, regional transportation plan, and subregional planning efforts.",0.5333112478256226,tensor(0.8908),tensor(0.7996),tensor(0.8427)
How did the air travel emissions from the EIB Group change in 2022 compared to 2021?,['increased by 767%'],Increased emissions.,0.421268492937088,tensor(0.8953),tensor(0.8089),tensor(0.8499)
How did the percentage of workers with a commute time of less than 15 minutes change from 1990 to 2011?,"['In 1990, 15.9% of workers commuted less than 15 minutes, while in 2011, 28.3% enjoyed the short commute.']",Declined.,0.13182556629180908,tensor(0.8565),tensor(0.8022),tensor(0.8285)
What is the average annual growth rate of regional load across the Western Interconnection from 2020 to 2026?,['0.6% per year'],Answer: 1.4%.,0.5739091634750366,tensor(0.9043),tensor(0.8699),tensor(0.8868)
What does the activity coefficient represent for a species in solution?,"['the ratio of its actual fugacity to the value given by the Lewis/Randall rule at the same T, P, and composition']",Answer: Deviations from ideal behavior in solution.,0.2998703718185425,tensor(0.8611),tensor(0.8152),tensor(0.8375)
What is the projected annual growth rate of electricity demand in the country according to the latest Philippine Energy Plan Update?,"['8.6 per cent from 43,780 GW-h in 1999 to 99,714 GW-h in 2009']",Projected annual growth rate of 4.5%.,0.3924006521701813,tensor(0.8616),tensor(0.8128),tensor(0.8365)
What industry does Servico cater to?,['Restaurant & Hospitality'],Automotive service and repair.,0.32560843229293823,tensor(0.8653),tensor(0.8339),tensor(0.8493)
What is the spark spread used for in power generation?,['a proxy for the heat rate (a measure of efficiency) of a specific generating unit or station'],Profitability analysis of electricity generation.,0.3879720866680145,tensor(0.8815),tensor(0.8295),tensor(0.8547)
What are some recent advances in HVDC system controllers?,"['providing frequency response and voltage support', 'plug-and-play functionality to lower installation costs', 'smart functionality to provide grid support', 'intelligent controllers to optimize battery charging/discharging']","Control algorithms, modular multilevel converters, improved reliability.",0.49688100814819336,tensor(0.8499),tensor(0.8244),tensor(0.8369)
What is the name of the institute where Andrei Vladescu works?,['Romanian Electricity Company - CONEL'],Institute for Advanced Studies.,0.2825867831707001,tensor(0.7896),tensor(0.7787),tensor(0.7841)
How is the drilling cost index calculated?,"['The graph indicates that the MITDD (Minerals Management Service Technical Data) drilling cost index is calculated and adjusted using the GDP deflator index, with 1977 set as the base year 100.']","The drilling cost index is calculated based on factors such as labor costs, equipment costs, materials costs, and operational efficiency.",0.681625247001648,tensor(0.8708),tensor(0.8157),tensor(0.8424)
What does the Authority do after the design work progresses in keeping with the Staged Project Delivery process?,['Research and explore alternative construction delivery methods prior to the final design phase'],"Review and approve design progress, update project schedules, coordinate with stakeholders.",0.5923457145690918,tensor(0.8811),tensor(0.8607),tensor(0.8708)
